,count_-45,count_25,count_125,idd_-45,idd_125,iddq_-45,iddq_125,name,type,time,OK
0,54.0,81.0,137.0,14.368789999999999,47.0494,4.603881,114.88589999999999,tran_SchGtKttTtVt,Sch,Fri Mar  6 18:56:06 2026,False
