,idd_-45,idd_125,iddq_-45,iddq_125,fosc_-45,fosc_25,fosc_125,t_err_max,t_err_min,name,type,time,OK
0,13.74537,46.3401,6.835704,43.30717,1.7767528235986092,2.638690542830749,4.410931469176175,0.1310853368435545,-4.467872365747397,tran_SchGtKttTtVt,Sch,Thu Mar 19 17:20:40 2026,True
