,idd_-45,idd_125,iddq_-45,iddq_125,fosc_-45,fosc_25,fosc_125,t_err_max,t_err_min,name,type,time,OK
0,17.12612,43.457249999999995,0.9198503,7.083673,2.2646479753845448,3.471952431101301,5.951108514777531,0.13615267650322238,-4.518222474487601,tran_SchGtKttTtVt,Sch,Sat Mar 21 19:38:32 2026,False
