,count_-45,count_25,count_125,idd_-45,idd_125,name,type,time,OK
0,55.0,82.0,139.0,18.00297,58.13318,tran_SchGtKfsTtVh,Sch,Fri Mar  6 18:43:16 2026,True
1,54.0,81.0,136.0,15.511000000000001,49.29448,tran_SchGtKsfTtVh,Sch,Fri Mar  6 18:43:16 2026,True
2,73.0,110.0,185.0,20.46411,64.38228,tran_SchGtKffTtVh,Sch,Fri Mar  6 18:43:16 2026,False
3,42.0,63.0,105.0,13.768749999999999,44.303549999999994,tran_SchGtKssTtVh,Sch,Fri Mar  6 18:43:16 2026,False
4,52.0,81.0,134.0,13.59469,46.25856,tran_SchGtKfsTtVl,Sch,Fri Mar  6 18:43:15 2026,True
5,41.0,79.0,134.0,11.067870000000001,38.7587,tran_SchGtKsfTtVl,Sch,Fri Mar  6 18:43:15 2026,False
6,70.0,107.0,181.0,15.70143,51.03982,tran_SchGtKffTtVl,Sch,Fri Mar  6 18:43:15 2026,False
7,34.0,61.0,97.0,9.977791999999999,35.061409999999995,tran_SchGtKssTtVl,Sch,Fri Mar  6 18:43:15 2026,False
