,idd_-45,idd_125,iddq_-45,iddq_125,fosc_-45,fosc_25,fosc_125,t_err_max,t_err_min,name,type,time,OK
0,17.8617,57.95827,126.69430000000001,2189.534,2.0517365727621533,2.963405766081136,4.829612288005827,4.169968511169785,-10.489965562591351,tran_SchGtKfsTtVh,Sch,Tue Mar 10 13:53:23 2026,False
1,15.16794,49.24005,10.31245,122.8049,2.0460599114713003,2.92593699627557,4.762082656161954,5.8914483585507895,-10.733368897341379,tran_SchGtKsfTtVh,Sch,Tue Mar 10 13:53:23 2026,False
2,20.23911,64.08413,75.2586,930.8277,2.6812601846275284,3.867679893417316,6.3842776607574905,4.391918389875741,-8.20398951739682,tran_SchGtKffTtVh,Sch,Tue Mar 10 13:53:23 2026,False
3,13.48317,44.214729999999996,9.853598999999999,91.41384000000001,1.6282287322205995,2.3231431819090576,3.748038548295416,6.284721015690437,-12.306136984239814,tran_SchGtKssTtVh,Sch,Tue Mar 10 13:53:22 2026,False
4,11.94968,46.07358,6.828728,1650.769,2.0042990731927324,2.895071207456305,4.722901158014115,4.159149346609809,-10.31299603028242,tran_SchGtKfsTtVl,Sch,Tue Mar 10 13:53:22 2026,False
5,4.186446,38.646609999999995,2.898215,144.6658,1.4195462919340944,2.8494661356884947,4.661857780549041,2.614591182625041,-49.93931682548097,tran_SchGtKsfTtVl,Sch,Tue Mar 10 13:53:22 2026,False
6,13.29716,50.80404,7.397721,723.7572,2.5836710570031647,3.77780719918946,6.282194681680696,2.9213891567638726,-6.881624542297445,tran_SchGtKffTtVl,Sch,Tue Mar 10 13:53:22 2026,False
7,4.1818420000000005,34.82579,3.25287,115.08800000000001,1.6862525359214342,2.267244642249435,3.66766281907232,16.644516289169687,-11.825060642089696,tran_SchGtKssTtVl,Sch,Tue Mar 10 13:53:21 2026,False
