,idd_-45,idd_125,iddq_-45,iddq_125,fosc_-45,fosc_25,fosc_125,t_err_max,t_err_min,name,type,time,OK
0,13.74537,46.3401,6.835704,43.30717,2.0305746555412676,2.8585814213999785,4.6209758248512305,0.2176061738608368,-2.637729325719249,tran_SchGtKttTtVt,Sch,Thu Mar 19 13:38:13 2026,True
