,idd_-45,idd_125,iddq_-45,iddq_125,fosc_-45,fosc_25,fosc_125,t_err_max,t_err_min,name,type,time,OK
0,13.74321,46.35638,6.761233,43.42614,2.0318287385764537,2.8588958702076726,4.620812472271303,8.702194243107975,-11.978514309932521,tran_SchGtKttTtVt,Sch,Tue Mar 10 18:59:16 2026,False
