,idd_-45,idd_125,iddq_-45,iddq_125,fosc_-45,fosc_25,fosc_125,t_err_max,t_err_min,name,type,time,OK
0,13.68735,46.895070000000004,6.772735000000001,139.431,2.056506895089148,2.905075942274482,4.749547806966157,8.015567431781648,-9.922711772256434,tran_SchGtKttTtVt,Sch,Tue Mar 10 13:53:21 2026,False
