,idd_-45,idd_125,iddq_-45,iddq_125,fosc_-45,fosc_25,fosc_125,t_err_max,t_err_min,name,type,time,OK
0,17.73695,54.689879999999995,128.1881,45.657160000000005,2.0210800751633267,2.9001789816949874,4.70216750067038,5.295754985496899,-11.418886648644843,tran_SchGtKfsTtVh,Sch,Tue Mar 10 18:59:18 2026,False
1,15.23045,48.93486,10.15796,121.14110000000001,2.0239085610538043,2.8811201280904517,4.643733416713865,6.679820836800992,-12.48082296814134,tran_SchGtKsfTtVh,Sch,Tue Mar 10 18:59:18 2026,False
2,19.96765,61.60204,76.98553,33.34545,2.630895850894567,3.782518283326794,6.159619997057434,4.962751980964782,-10.633831843557815,tran_SchGtKffTtVh,Sch,Tue Mar 10 18:59:18 2026,False
3,13.53632,44.05723,9.827495,88.43392,1.6163642286923696,2.2890744521344177,3.6603723857962613,7.578439792793787,-13.905523183589736,tran_SchGtKssTtVh,Sch,Tue Mar 10 18:59:17 2026,False
4,11.98183,43.86459,6.044316,44.204330000000006,2.0038904977102243,2.8379441921076634,4.598673258430325,7.574771867490874,-11.520012015938477,tran_SchGtKfsTtVl,Sch,Tue Mar 10 18:59:17 2026,False
5,4.2077350000000004,38.58738,2.903842,143.2087,1.4098130715069013,2.810498953055041,4.542541325172271,2.9656240386509722,-48.86958633293867,tran_SchGtKsfTtVl,Sch,Tue Mar 10 18:59:17 2026,False
6,13.32727,49.32495,7.121402,32.248990000000006,2.518866561833406,3.71721625511149,6.034628769338011,3.0507977678608924,-11.187625766471484,tran_SchGtKffTtVl,Sch,Tue Mar 10 18:59:17 2026,False
7,4.203651,34.812279999999994,3.2650639999999997,112.7982,1.67233280504799,2.2347094962084855,3.583764836167403,17.72829706725276,-13.386427987278267,tran_SchGtKssTtVl,Sch,Tue Mar 10 18:59:16 2026,False
