,i1_25,a1,a_avg,v_ctat_25,a_ctat,i1_err_max,i1_err_min,i2_err_max,i2_err_min,v_ctat_err_max,v_ctat_err_min,name,type,time,OK
0,2.2279899999999997,7.330724,7.308237999999999,707.0038,-1.7989600000000001,8.079019,-30.7686,8.082948,-30.792,0.2430774,-4.40674,dc_SchGtKttTtVt,Sch,Sat Mar 21 19:22:20 2026,False
