,i1_25,a_avg,v_ctat_25,a_ctat,i1_err_max,i1_err_min,i2_err_max,i2_err_min,v_ctat_err_max,v_ctat_err_min,name,type,time,OK
0,1.6846290000000002,4.858798,708.3098,-1.7914400000000001,5.333196,-23.096500000000002,5.405882999999999,-23.3226,0.2480432,-4.16445,dc_SchGtKttTtVt,Sch,Fri Feb 27 22:24:25 2026,True
