,i1_25,a_avg,v_ctat_25,a_ctat,i1_err_max,i1_err_min,i2_err_max,i2_err_min,v_ctat_err_max,v_ctat_err_min,name,type,time,OK
0,1.6933040000000001,4.957782,708.725,-1.7862500000000001,4.979309000000001,-24.045499999999997,5.083955,-24.3182,0.2377352,-4.17835,dc_SchGtKttTtVt,Sch,Sat Feb 28 00:21:31 2026,True
