,i1_25,a_avg,v_ctat_25,a_ctat,i1_err_max,i1_err_min,i2_err_max,i2_err_min,v_ctat_err_max,v_ctat_err_min,name,type,time,OK
0,1.6933040000000001,4.9581990000000005,708.725,-1.7862500000000001,4.988092999999999,-24.041700000000002,5.094416,-24.314799999999998,0.23773260000000002,-4.17835,dc_SchGtKttTtVt,Sch,Sat Feb 28 11:06:36 2026,True
