,idd,iddq,i0,i1,i2,i3,vrd,t_settle_98,name,type,time,OK
0,16.791320000000002,1.141749,1.730246,1.730199,1.730087,1.724708,55.07396,0.2018566,tran_SchGtKttTtVt,Sch,Sat Feb 28 00:18:20 2026,False
