,idd,iddq,vrd,name,type,time,OK
0,9.867140000000001,0.41979819999999995,54.64981,tran_SchGtKttTtVt,Sch,Mon Feb  9 16:20:44 2026,True
