,idd,iddq,i0,i1,i2,i3,vrd,t_settle_98,name,type,time,OK
0,22.16641,0.9185844,1.762974,1.717287,1.729339,1.7495820000000002,54.73173,0.5345074,tran_SchGtKttTtVt,Sch,Fri Feb 27 18:36:39 2026,True
