,idd,iddq,i0,i1,i2,i3,vrd,t_settle_98,name,type,time,OK
0,21.979200000000002,0.1877874,1.720312,1.719206,1.717856,1.711924,54.73177,0.3288109,tran_SchGtKttTtVt,Sch,Tue Feb 10 22:15:21 2026,True
