,idd,iddq,i0,i1,i2,i3,vrd,t_settle_98,name,type,time,OK
0,15.98137,2.032447,2.282191,2.282071,2.2819149999999997,2.280947,54.84348,0.0775217,tran_SchGtKttTtVt,Sch,Sat Mar 21 17:03:18 2026,False
