,idd,iddq,i0,i1,i2,i3,vrd,t_settle_98,name,type,time,OK
0,21.13079,0.9460687,1.760622,1.717295,1.7281630000000001,1.6972930000000002,54.775980000000004,0.5822845,tran_SchGtKttTtVt,Sch,Fri Feb 27 22:20:06 2026,True
