,idd,iddq,name,type,time,OK
0,9.867140000000001,0.41979819999999995,tran_SchGtKttTtVt,Sch,Mon Feb  9 15:42:33 2026,True
