,idd,iddq,i0,i1,i2,i3,vrd,t_settle_98,name,type,time,OK
0,21.13079,0.9460687,1.7208970000000001,1.720841,1.720728,1.715368,54.775980000000004,0.5822845,tran_SchGtKttTtVt,Sch,Fri Feb 27 23:14:55 2026,True
