,idd,iddq,i0,i1,i2,i3,vrd,t_settle_98,name,type,time,OK
0,17.37561,1.169244,1.730264,1.7302,1.730089,1.724708,55.07397,0.5110518000000001,tran_SchGtKttTtVt,Sch,Sat Feb 28 11:03:31 2026,False
