,idd,iddq,i0,i1,i2,i3,vrd,t_settle_98,name,type,time,OK
0,17.632160000000002,1.1813040000000001,1.730262,1.7302,1.730089,1.724707,55.07397,0.4990946,tran_SchGtKttTtVt,Sch,Wed Mar 18 22:38:46 2026,False
