,idd_-45,idd_125,iddq_-45,iddq_125,fosc_-45,fosc_25,fosc_125,t_err_max,t_err_min,name,type,time,OK
0,17.30064,43.39646,1.248776,10.40723,2.26089620656681,3.4603645842325927,5.933715456080807,0.104530255677723,-4.284327657384608,tran_SchGtKttTtVt,Sch,Mon Mar 23 12:57:59 2026,True
