,idd_-45,idd_125,iddq_-45,iddq_125,fosc_-45,fosc_25,fosc_125,t_err_max,t_err_min,name,type,time,OK
0,14.57858,37.8535,1.742827,15.454,1.4700910462033985,2.1682988228086932,3.5498870039172905,0.1655792675258141,-6.507255441746537,tran_LayGtKttTtVt,Lay,Wed Apr  1 13:48:25 2026,False
