,idd_-45,idd_125,iddq_-45,iddq_125,fosc_-45,fosc_25,fosc_125,t_err_max,t_err_min,name,type,time,OK
0,17.39255,44.42492,2.584131,15.287609999999999,1.825947675728361,2.7773158751372535,4.64424284238413,0.08709119434055168,-6.9135568028220575,tran_LayGtKttTtVt,Lay,Mon Mar 23 14:48:56 2026,True
