,idd_-45,idd_125,iddq_-45,iddq_125,fosc_-45,fosc_25,fosc_125,t_err_max,t_err_min,name,type,time,OK
0,11.20585,32.825559999999996,0.6533208,111.0912,1.1534704605868074,1.7757974813971562,3.0923129187430964,0.007771041159919889,-3.0286818885548854,tran_SchGtKttTtVt,Sch,Sat Mar 21 20:20:29 2026,False
