,idd_-45,idd_125,iddq_-45,iddq_125,fosc_-45,fosc_25,fosc_125,t_err_max,t_err_min,name,type,time,OK
0,9.289095,38.57477,8.743903999999999,188.0067,1.205858525231434,1.5691388903996388,2.5061970718780544,7.252130084646048,4.973799150320701e-14,tran_SchGtKttTtVt,Sch,Thu Mar 19 16:25:53 2026,False
