,idd_-45,idd_125,iddq_-45,iddq_125,fosc_-45,fosc_25,fosc_125,t_err_max,t_err_min,name,type,time,OK
0,10.08182,29.99326,1.628509,8.891769,0.9131577886091268,1.3566894359376034,2.2738985394353635,0.13997117787574354,-4.150202551709455,tran_SchGtKttTtVt,Sch,Fri Apr 17 14:42:59 2026,False
